analysis,grouping_variable,comparison_variable,low_group_name,high_group_name,low_n,high_n,low_mean,high_mean,low_sd,high_sd,mean_diff_high_minus_low,t_value,p_value,cohen_d,interpretation
B_Q16_567_based_group_comparison,ai_friendly_org_567,strategic_expectation_123,low_ai_friendly_org,high_ai_friendly_org,236,141,3.2401129943502824,3.9172576832151305,0.7091240469000427,0.6774790201973859,0.677144688864848,9.226816212222934,4.771014595532743e-18,0.9708475534928561,high group shows significantly higher mean; large effect size
B_Q16_567_based_group_comparison,ai_friendly_org_567,job_replacement_perception,low_ai_friendly_org,high_ai_friendly_org,236,141,2.5677966101694913,3.127659574468085,1.10687456137846,1.2920142846942921,0.5598629642985937,4.290116578808718,2.520885070905235e-05,0.47470231059787543,high group shows significantly higher mean; small effect size
B_Q16_567_based_group_comparison,ai_friendly_org_567,voluntary_motivation,low_ai_friendly_org,high_ai_friendly_org,236,141,3.6165254237288136,4.212765957446808,0.8043645591594241,0.7226786545138645,0.5962405337179946,7.4266318348841605,1.0213080537690613e-12,0.7694652835471579,high group shows significantly higher mean; medium effect size
B_Q16_567_based_group_comparison,ai_friendly_org_567,perceived_work_effect,low_ai_friendly_org,high_ai_friendly_org,236,141,3.480508474576271,4.051063829787235,0.722967698825402,0.6504522625809341,0.5705553552109635,7.900503706824026,4.530957839266564e-14,0.8188473632295381,high group shows significantly higher mean; large effect size
B_Q16_567_based_group_comparison,ai_friendly_org_567,org_support_1234,low_ai_friendly_org,high_ai_friendly_org,236,141,2.6207627118644066,3.2180851063829787,0.8462891782611758,1.08802370962455,0.5973223945185722,5.586972404011802,6.231528095072079e-08,0.6328859056971431,high group shows significantly higher mean; medium effect size
